publish_date,weekday,week,slot,slot_job,brief_id,brief_file,output_file,working_h1,primary_query,content_type,status,drafted_on,reviewed_by,published_on,quality_passed_on,image_generated_on,notes
2026-09-07,Mon,01,S,signal,01S,briefs/templates/signal.md,,,,Signal,skipped,,,,,,"Skipped 2026-09-07: no platform or regulator change between Aug 31 and Sept 7, 2026 moved a fee, deposit, commission, quota or duty for a foreign brand. Candidates checked and rejected: JD open-platform category fee revision effective Sept 1 (domestic POP, text behind merchant login); Tmall Double 11 2026 recruitment (published Aug 18, a calendar not a fee, covered by 03A); CAC multi-channel distribution rules effective Sept 1 (MCN scope, TheRedScroll territory); NMPA announcements 78, 80, 82 of Aug 19 to 27 (no fee moved). See logs/2026-09-07.md."
2026-09-08,Tue,01,A,anchor,01A,briefs/2026-09-08-china-distributor-vs-own-store.md,output/china-distributor-vs-own-store.md,Distributor or your own store in China: the honest comparison,china distributor vs own store,Anchor,published,2026-09-04,,2026-09-04,2026-09-04,2026-09-04,"Forced test run 2026-09-04 (draft mode, oldest not_started with a brief). H1 rewritten to drop ""nobody"" per the voice guide. Published 2026-09-04 by the forced publish test run (publish_date ignored); pubDate set to the actual publish day. See logs/2026-09-04.md."
2026-09-09,Wed,01,L,ledger A,01L,briefs/2026-09-09-cost-to-sell-footwear-in-china.md,output/cost-to-sell-footwear-in-china.md,What it costs to sell footwear in China,sell shoes china tmall cost,Ledger A,published,2026-09-09,,2026-09-09,2026-09-09,2026-09-09,"Ledger kill condition checked and passed on 2026-09-09: no category cost page is published yet, so the block-2 fee table cannot duplicate one. Forward flag: the footwear fee triple is identical to apparel and to bags and luggage on all three platforms, so 16L (bags) and 30L (apparel) need a differentiated block 2 or they merge into this page. AOV for imported footwear could not be sourced; the unit economics use a stated 600 RMB assumption, labelled as such. Calculator has no category query param, so the tool link tells the reader to pick Footwear in the picker. Hero regenerated once: the first render put a real named brand's listing and logo on the Tmall Global screen. Published 2026-09-09 by the scheduled publish run: EN plus FR, DE and ES with native slugs, build and astro check passed. See logs/2026-09-09.md."
2026-09-10,Thu,01,T,teardown,01T,briefs/templates/teardown.md,output/how-allbirds-entered-china.md,"How Allbirds entered China, and what it cost them",how allbirds entered china,Teardown,published,2026-09-10,,2026-09-10,2026-09-10,2026-09-10,"Catch-up run 2026-09-10 (the scheduled draft run for this date did not complete). Brand picked on the day: Allbirds. All four criteria in sources/teardown-criteria.md pass, checked 2026-09-10, so the kill condition did not fire. Not a client of any group company; Camper, the one footwear client, is not named in the piece. The candidate table in teardown-criteria.md was empty, so the brand came from the hunting grounds that file lists (listed company with a China cross-border segment, category matched to the week 01 Ledger). Storefront assortment, price positioning and review counts could not be observed: the Tmall store needs a Taobao login and JD serves a bot check, so the piece states what it could not see instead of estimating. Hero regenerated once: the first render put a real milk-tea chain logo on a cup and printed text on a carton. Iteration 7 ran as the cadence variant, no planted errors. One internal link points to /insights/cost-to-sell-footwear-in-china, which is outside the PREAMBLE target list but is the interlink sources/teardown-criteria.md asks for; target verified to exist. See logs/2026-09-10.md. Published 2026-09-10 by the catch-up publish run (the scheduled publish run for this date did not complete). English post plus FR, DE and ES locale versions with native slugs; three deep-translate passes run per locale; USD amounts carry euro equivalents in FR, DE and ES per house rule 6.9b. npm run build and npx astro check both passed."
2026-09-14,Mon,02,S,signal,02S,briefs/templates/signal.md,,,,Signal,skipped,,,,,,"Skipped 2026-09-14: no platform or regulator change between Sept 7 and Sept 14, 2026 moved a fee, deposit, commission, quota, duty or filing cost for a foreign brand selling in China. Candidates checked and rejected: WeChat Store September notices of Sept 1 and Sept 11 (domestic GMV rebate 1 to 2 percent and a sub-20 RMB flash-sale programme, no cross-border eligibility); CAC data-export Q&A of Sept 11 (restates PIPL thresholds, no new rule or cost); Xiaohongshu September homepage ""市集"" channel (traffic surface, no fee or rule); Tmall Global four-mode entry and 50 percent deposit cut (dated Sept 23, 2022); JD Worldwide 0 deposit and commission subsidy (January 2026); GACC announcements 117 to 120 (scrap and waste, not consumer goods); SAMR, MOFCOM, Tariff Commission and NMPA had no in-window notice. See logs/2026-09-14.md."
2026-09-15,Tue,02,A,anchor,02A,briefs/2026-09-15-china-livestream-cost-for-brands.md,output/china-livestream-cost-for-brands.md,What a livestream room actually costs,china livestream cost for brands,Anchor,published,2026-09-15,,2026-09-16,2026-09-15,2026-09-15,"Recovered partial draft after prior model limits; 13 draft iterations and 18 quality passes complete; sources validated twice. Historical rent/pay references dated; selected budgets and calculator comparison explicitly modeled, no client results claimed. Hero gpt-image-2 high checked and optimized. No Asset for W02. Stopped at image_ready; no publish/build/commit. See logs/2026-09-15.md. Published 2026-09-16 by the scheduled publish run (the 2026-09-15 run stopped at image_ready). English post plus FR, DE and ES with native slugs; DE keeps the English file id and takes its German URL from insightEnToDe, matching the rest of the collection. Three deep-translate passes run per locale, FR then DE then ES; the skill pauses and the section-by-section report were dropped because the run is unattended, and the substitution is logged. USD figures converted to euros in FR, DE and ES per house rule 6.9b; RMB stays RMB. pubDate and updatedDate set to the actual publish day. npm run build and npx astro check both passed. See logs/2026-09-16.md."
2026-09-16,Wed,02,L,ledger A,02L,briefs/2026-09-16-cost-to-sell-facial-skincare-in-china.md,output/cost-to-sell-facial-skincare-in-china.md,What it costs to sell facial skincare in China,cost to sell facial skincare in china,Ledger A,published,2026-09-16,,2026-09-16,2026-09-16,2026-09-16,"Ledger A for week 02. Kill condition checked and did NOT fire: the only published Ledger is cost-to-sell-footwear-in-china, whose Tmall row is 50,000 / 5% / 60,000 against skincare's 50,000 / 4% / 30,000, so the block-2 table is not identical (the JD and Douyin rows are, the Tmall column and the cash floor are not). 13 draft iterations and 18 quality passes complete; iteration 7 ran as the cadence variant, no planted errors. Every source validated twice, both checks on 2026-09-16, all 8 cited URLs re-fetched and live. 1,398 prose-only words against a 1,100 to 1,400 brief target. Proprietary number is the skincare fee triple and the 80,000 RMB cash floor from calculator data, plus two derived figures: skincare and makeup are the only two of nineteen Tmall Global categories at 4%, and the personal-care band crosses the skincare band at exactly 2,000,000 RMB of GMV. The 23.06% cross-border rate for high-end cosmetics is our arithmetic on two cited rules and is shown as a calculation, not quoted as a rate. 60% gross margin labelled in copy as an assumption. Block 6 ran as the honesty variant: /work/roc and Shiseido RQ Pyology are named for published work only, and the piece says plainly that neither case page publishes a cost figure, so no client number is used. SUBSTITUTION: the brief asks for a calculator deep link with skincare preselected, but none of the three calculator pages reads a query parameter, so block 7 links to /tools/tmall-global-setup-and-run and tells the reader to set the category picker to Skincare. Researched NBS and Ebrun market figures were dropped for length and logged in the ledger for later use. Hero regenerated once: the first render printed SKINCEUTICALS on the foreground cartons and named Kiehl's, Lancome and The Ordinary on screen, which breaks the no-logos rule, plus a Black Friday banner that dated it to November. The v2 render is Guangzhou, Chinese storefront UI, unbranded boxes, Chinese people only. gpt-image-2 at high quality, checked visually, webp 90 KB after the house optimizer. No Asset for W02. Stopped at image_ready; no publish, no build, no commit. See logs/2026-09-16.md. Published 2026-09-16 by the catch-up publish run (Relaunch-MissedTasks.ps1; the scheduled 2026-09-16 publish run did not finish). English post plus FR, DE and ES. FR and ES carry native filenames and native slugs; DE keeps the English file id and takes its German URL from insightEnToDe, matching the rest of the collection. Three deep-translate passes run per locale, FR then DE then ES; the skill pauses and its section-by-section report were dropped because the run is unattended, and the substitution is logged. USD figures converted to euros in FR, DE and ES per house rule 6.9b, at the same rate already used on the footwear Ledger (4 500 and 900 euros); RMB stays RMB in FR, becomes Yuan in DE and yuanes in ES, matching the sibling Ledger. Draft structure adapted: the intro fee table moved under its own H2 so the seven Ledger blocks each carry a heading, copy otherwise verbatim. primary_query filled in, it was left empty by the draft run. npm run build and npx astro check both passed (0 errors). See logs/2026-09-16.md."
2026-09-17,Thu,02,R,refresh,02R,briefs/templates/refresh.md,output/a-comparison-between-tmall-and-amazon.md,Tmall vs Amazon: what a brand actually pays,tmall vs amazon,Refresh,published,2026-09-17,,2026-09-17,2026-09-17,2026-09-17,"Refresh for week 02. Queue computed on the day per RUNBOOK: 79 files in src/content/insights sorted by updatedDate falling back to pubDate ascending; first is a-comparison-between-tmall-and-amazon (pubDate 2023-02-02, no updatedDate), not published or refreshed in the last twelve months and absent from every schedule.csv note, so not already refreshed by this plan. KILL CONDITION CHECKED AND DID NOT FIRE: the title carries no year, and the 2023 piece has no table, no figure, no citation, no proprietary number and no updatedDate. Its premise is also wrong: it compares Tmall and Amazon as two doors a brand can pick between, when Amazon stopped serving third-party sellers on its China site on July 18, 2019. The change is substantive, not a re-date. 13 draft iterations and 18 quality passes complete; iteration 7 ran as the cadence variant, no planted errors. Every source validated twice, both checks 2026-09-17, all 9 cited URLs re-fetched at iteration 8 and still live. 1,667 prose-only words (1,762 with tables), inside the 1,600 to 2,400 Anchor band. Proprietary number is the whole-picker view of the Tmall Global calculator array: commission 2% to 5% averaging 3.4% across nineteen categories, eight of them at 2%, and deposit plus annual fee of 80,000 RMB in eleven categories, 110,000 in seven, 330,000 for health supplements. The TP defaults (35,000 RMB retainer plus 10% of GMV) are labelled in copy as the calculator's defaults, not as a market rate. SEO-SENSITIVE CHANGE FLAGGED FOR SIGN-OFF: title and H1 move from 'A comparison between Tmall and Amazon' to 'Tmall vs Amazon: what a brand actually pays', because Anchor spec item 1 requires the title be the query a buyer types or its answer. The slug does not change, so no URL breaks and no redirect is needed; the FR, DE and ES entries in src/i18n/insight-slugs.mjs stay as they are. SUBSTITUTION: sell.amazon.com/pricing carries the same Amazon fee figures but prints no date, so it fails ledger rule 1; Amazon's own Chinese-language seller pages were cited instead. SUBSTITUTION: content-quality-us asks for curly quotes, serial commas and numbered v1..v18 artifacts; straight apostrophes and no serial comma were kept to match the published corpus, and the versions and per-step pauses were dropped because the run is unattended. Hero is gpt-image-2 at high quality, Ningbo bonded-warehouse office, Chinese storefront UI on screen, Chinese people only, checked visually, first render accepted, webp 162 KB. The legacy hero was a .png at the same slug; heroImage now points at the .webp and the publish step must rewire all four locale files. No Asset for W02. Stopped at image_ready; no publish, no build, no commit. See logs/2026-09-17.md. Published 2026-09-17 by the scheduled publish run. Refresh applied in place in all four locales: EN src/content/insights/a-comparison-between-tmall-and-amazon.md, FR insights-fr/tmall-amazon-deux-modeles.md, DE insights-de/a-comparison-between-tmall-and-amazon.md (English file id, German URL tmall-amazon-zwei-modelle via insightEnToDe), ES insights-es/tmall-vs-amazon-comparativa.md. No slug changed, so src/i18n/insight-slugs.mjs needed no edit and no redirect is required. heroImage rewired from the legacy .png to the new .webp in all four files; the legacy .png was left on disk, nothing in src references it. pubDate stays 2023-02-02, updatedDate set to 2026-09-17 in all four. EN title and H1 moved to ""Tmall vs Amazon: what a brand actually pays"" per the Anchor acceptance spec, and the FR, DE and ES titles were rewritten natively to match; this is the SEO-sensitive change already flagged at draft time, slug untouched. Deep-translate three passes run per locale, FR then DE then ES; the skill pauses and the section-by-section report were dropped because the run is unattended, and the substitution is logged. USD 39.99 a month converted to about 36 euros in FR, DE and ES per house rule 6.9b, at the same rate used on the sibling Ledgers; RMB stays RMB in FR, Yuan in DE, yuanes in ES. FR narrow no-break spaces U+202F applied before : ; ? %% and inside thousands, matching the rest of the FR corpus. 0 em dashes and 0 exclamation marks in all four files. npm run build and npx astro check both passed (0 errors, 0 warnings); all four locale pages render. See logs/2026-09-17.md."
2026-09-21,Mon,03,S,signal,03S,briefs/templates/signal.md,,,,Signal,not_started,,,,,,Pick from sources/signal-watch-list.md on the day. No operating consequence = skipped.
2026-09-22,Tue,03,A,anchor,03A,briefs/2026-09-22-double-11-preparation-checklist.md,output/double-11-preparation-checklist.md,Double 11 2026: the 60-day operator checklist,double 11 preparation checklist,Anchor + Asset,not_started,,,,,,"Asset: Double 11 2026: the 60-day operator checklist (Printable checklist, owner per line)"
2026-09-23,Wed,03,L,ledger A,03L,briefs/2026-09-23-cost-to-sell-dairy-and-spreads-in-china.md,output/cost-to-sell-dairy-and-spreads-in-china.md,What it costs to sell dairy and spreads in China,,Ledger A,not_started,,,,,,
2026-09-24,Thu,03,T,teardown,03T,briefs/templates/teardown.md,,,,Teardown,not_started,,,,,,Pick a brand that passes all four criteria in sources/teardown-criteria.md. Never a client.
2026-09-28,Mon,04,S,signal,04S,briefs/templates/signal.md,,,,Signal,not_started,,,,,,Pick from sources/signal-watch-list.md on the day. No operating consequence = skipped.
2026-09-29,Tue,04,A,anchor,04A,briefs/2026-09-29-china-social-media-marketing-cost-per-month.md,output/china-social-media-marketing-cost-per-month.md,What Chinese social media costs a foreign brand per month,china social media marketing cost per month,Anchor,not_started,,,,,,
2026-09-30,Wed,04,L,ledger A,04L,briefs/2026-09-30-cost-to-sell-bakery-and-food-ingredients-in-china.md,output/cost-to-sell-bakery-and-food-ingredients-in-china.md,What it costs to sell bakery and food ingredients in China,,Ledger A,not_started,,,,,,
2026-10-01,Thu,04,R,refresh,04R,briefs/templates/refresh.md,,,,Refresh,not_started,,,,,,Oldest insight by updatedDate first (see RUNBOOK). Year-only change = skipped.
2026-10-05,Mon,05,S,signal,05S,briefs/templates/signal.md,,,,Signal,not_started,,,,,,Pick from sources/signal-watch-list.md on the day. No operating consequence = skipped.
2026-10-06,Tue,05,A,anchor,05A,briefs/2026-10-06-douyin-store-vs-douyin-ads.md,output/douyin-store-vs-douyin-ads.md,Douyin store or Douyin as media: which one you actually need,douyin store vs douyin ads,Anchor,not_started,,,,,,
2026-10-07,Wed,05,L,ledger A,05L,briefs/2026-10-07-cost-to-sell-packaged-food-in-china.md,output/cost-to-sell-packaged-food-in-china.md,What it costs to sell packaged food in China,,Ledger A,not_started,,,,,,
2026-10-08,Thu,05,T,teardown,05T,briefs/templates/teardown.md,,,,Teardown,not_started,,,,,,Pick a brand that passes all four criteria in sources/teardown-criteria.md. Never a client.
2026-10-12,Mon,06,S,signal,06S,briefs/templates/signal.md,,,,Signal,not_started,,,,,,Pick from sources/signal-watch-list.md on the day. No operating consequence = skipped.
2026-10-13,Tue,06,A,anchor,06A,briefs/2026-10-13-xiaohongshu-store-setup-overseas-brand.md,output/xiaohongshu-store-setup-overseas-brand.md,Opening a RedNote store as a foreign brand,xiaohongshu store setup overseas brand,Anchor,not_started,,,,,,
2026-10-14,Wed,06,L,ledger A,06L,briefs/2026-10-14-cost-to-sell-home-textiles-and-bedding-in-china.md,output/cost-to-sell-home-textiles-and-bedding-in-china.md,What it costs to sell home textiles and bedding in China,,Ledger A,not_started,,,,,,
2026-10-15,Thu,06,R,refresh,06R,briefs/templates/refresh.md,,,,Refresh,not_started,,,,,,Oldest insight by updatedDate first (see RUNBOOK). Year-only change = skipped.
2026-10-19,Mon,07,S,signal,07S,briefs/templates/signal.md,,,,Signal,not_started,,,,,,Pick from sources/signal-watch-list.md on the day. No operating consequence = skipped.
2026-10-20,Tue,07,A,anchor,07A,briefs/2026-10-20-find-distributor-china-verify.md,output/find-distributor-china-verify.md,How to tell a real China distributor from a trading company,find distributor china verify,Anchor,not_started,,,,,,
2026-10-21,Wed,07,L,ledger A,07L,briefs/2026-10-21-cost-to-sell-lighting-and-home-design-in-china.md,output/cost-to-sell-lighting-and-home-design-in-china.md,What it costs to sell lighting and home design in China,,Ledger A,not_started,,,,,,
2026-10-22,Thu,07,T,teardown,07T,briefs/templates/teardown.md,,,,Teardown,not_started,,,,,,Pick a brand that passes all four criteria in sources/teardown-criteria.md. Never a client.
2026-10-26,Mon,08,S,signal,08S,briefs/templates/signal.md,,,,Signal,not_started,,,,,,Pick from sources/signal-watch-list.md on the day. No operating consequence = skipped.
2026-10-27,Tue,08,A,anchor,08A,briefs/2026-10-27-double-11-last-minute-checklist.md,output/double-11-last-minute-checklist.md,Double 11: the last fourteen days,double 11 last minute checklist,Anchor + Asset,not_started,,,,,,Asset: Double 11: the last fourteen days (Day-by-day run sheet)
2026-10-28,Wed,08,L,ledger B,08L,briefs/2026-10-28-how-automotive-and-ev-brands-reach-buyers-in-china.md,output/how-automotive-and-ev-brands-reach-buyers-in-china.md,How automotive and EV brands actually reach buyers in China,,Ledger B,not_started,,,,,,
2026-10-29,Thu,08,R,refresh,08R,briefs/templates/refresh.md,,,,Refresh,not_started,,,,,,Oldest insight by updatedDate first (see RUNBOOK). Year-only change = skipped.
2026-11-02,Mon,09,S,signal,09S,briefs/templates/signal.md,,,,Signal,not_started,,,,,,Pick from sources/signal-watch-list.md on the day. No operating consequence = skipped.
2026-11-03,Tue,09,A,anchor,09A,briefs/2026-11-03-xiaohongshu-koc-seeding-cost.md,output/xiaohongshu-koc-seeding-cost.md,RedNote seeding: what it costs and what comes back,xiaohongshu koc seeding cost,Anchor,not_started,,,,,,
2026-11-04,Wed,09,L,ledger B,09L,briefs/2026-11-04-how-building-systems-and-hvac-brands-reach-buyers-in-china.md,output/how-building-systems-and-hvac-brands-reach-buyers-in-china.md,How building systems and HVAC brands actually reach buyers in China,,Ledger B,not_started,,,,,,
2026-11-05,Thu,09,T,teardown,09T,briefs/templates/teardown.md,,,,Teardown,not_started,,,,,,Pick a brand that passes all four criteria in sources/teardown-criteria.md. Never a client.
2026-11-09,Mon,10,S,signal,10S,briefs/templates/signal.md,,,,Signal,not_started,,,,,,Pick from sources/signal-watch-list.md on the day. No operating consequence = skipped.
2026-11-10,Tue,10,A,anchor,10A,briefs/2026-11-10-double-11-2026-results.md,output/double-11-2026-results.md,Double 11 live: what is actually moving,double 11 2026 results,Anchor,not_started,,,,,,
2026-11-11,Wed,10,L,ledger B,10L,briefs/2026-11-11-how-hotel-groups-reach-chinese-travellers.md,output/how-hotel-groups-reach-chinese-travellers.md,How hotel groups actually reach Chinese travellers,,Ledger B,not_started,,,,,,
2026-11-12,Thu,10,R,refresh,10R,briefs/templates/refresh.md,,,,Refresh,not_started,,,,,,Oldest insight by updatedDate first (see RUNBOOK). Year-only change = skipped.
2026-11-16,Mon,11,S,signal,11S,briefs/templates/signal.md,,,,Signal,not_started,,,,,,Pick from sources/signal-watch-list.md on the day. No operating consequence = skipped.
2026-11-17,Tue,11,A,anchor,11A,briefs/2026-11-17-double-11-2026-brand-performance.md,output/double-11-2026-brand-performance.md,Double 11 2026 from inside the stores we run,double 11 2026 brand performance,Anchor + Report,not_started,,,,,,"Report: Double 11 2026 from inside the stores we run (Gated PDF, anonymised store-level figures)"
2026-11-18,Wed,11,L,ledger B,11L,briefs/2026-11-18-how-insurance-and-financial-services-reach-customers-in-china.md,output/how-insurance-and-financial-services-reach-customers-in-china.md,How insurance and financial services reach customers in China,,Ledger B,not_started,,,,,,
2026-11-19,Thu,11,T,teardown,11T,briefs/templates/teardown.md,,,,Teardown,not_started,,,,,,Pick a brand that passes all four criteria in sources/teardown-criteria.md. Never a client.
2026-11-23,Mon,12,S,signal,12S,briefs/templates/signal.md,,,,Signal,not_started,,,,,,Pick from sources/signal-watch-list.md on the day. No operating consequence = skipped.
2026-11-24,Tue,12,A,anchor,12A,briefs/2026-11-24-china-ecommerce-margin-profitability.md,output/china-ecommerce-margin-profitability.md,What a China eCommerce P&L actually looks like,china ecommerce margin profitability,Anchor,not_started,,,,,,
2026-11-25,Wed,12,L,ledger B,12L,briefs/2026-11-25-how-telehealth-and-wellness-services-reach-patients-in-china.md,output/how-telehealth-and-wellness-services-reach-patients-in-china.md,How telehealth and wellness services reach patients in China,,Ledger B,not_started,,,,,,
2026-11-26,Thu,12,R,refresh,12R,briefs/templates/refresh.md,,,,Refresh,not_started,,,,,,Oldest insight by updatedDate first (see RUNBOOK). Year-only change = skipped.
2026-11-30,Mon,13,S,signal,13S,briefs/templates/signal.md,,,,Signal,not_started,,,,,,Pick from sources/signal-watch-list.md on the day. No operating consequence = skipped.
2026-12-01,Tue,13,A,anchor,13A,briefs/2026-12-01-tmall-global-cost-fees.md,output/tmall-global-cost-fees.md,What a Tmall Global store costs in year one,tmall global cost fees,Anchor,not_started,,,,,,
2026-12-02,Wed,13,L,ledger A,13L,briefs/2026-12-02-cost-to-sell-beauty-devices-and-tools-in-china.md,output/cost-to-sell-beauty-devices-and-tools-in-china.md,What it costs to sell beauty devices and tools in China,,Ledger A,not_started,,,,,,
2026-12-03,Thu,13,T,teardown,13T,briefs/templates/teardown.md,,,,Teardown,not_started,,,,,,Pick a brand that passes all four criteria in sources/teardown-criteria.md. Never a client.
2026-12-07,Mon,14,S,signal,14S,briefs/templates/signal.md,,,,Signal,not_started,,,,,,Pick from sources/signal-watch-list.md on the day. No operating consequence = skipped.
2026-12-08,Tue,14,A,anchor,14A,briefs/2026-12-08-sell-home-kitchen-products-china.md,output/sell-home-kitchen-products-china.md,Selling home and kitchen brands into China,sell home kitchen products china,Anchor,not_started,,,,,,
2026-12-09,Wed,14,L,ledger A,14L,briefs/2026-12-09-cost-to-sell-furniture-in-china.md,output/cost-to-sell-furniture-in-china.md,What it costs to sell furniture in China,,Ledger A,not_started,,,,,,
2026-12-10,Thu,14,R,refresh,14R,briefs/templates/refresh.md,,,,Refresh,not_started,,,,,,Oldest insight by updatedDate first (see RUNBOOK). Year-only change = skipped.
2026-12-14,Mon,15,S,signal,15S,briefs/templates/signal.md,,,,Signal,not_started,,,,,,Pick from sources/signal-watch-list.md on the day. No operating consequence = skipped.
2026-12-15,Tue,15,A,anchor,15A,briefs/2026-12-15-sell-outdoor-sports-gear-china.md,output/sell-outdoor-sports-gear-china.md,Selling outdoor and sports gear into China,sell outdoor sports gear china,Anchor,not_started,,,,,,
2026-12-16,Wed,15,L,ledger A,15L,briefs/2026-12-16-cost-to-sell-eyewear-in-china.md,output/cost-to-sell-eyewear-in-china.md,What it costs to sell eyewear in China,,Ledger A,not_started,,,,,,
2026-12-17,Thu,15,T,teardown,15T,briefs/templates/teardown.md,,,,Teardown,not_started,,,,,,Pick a brand that passes all four criteria in sources/teardown-criteria.md. Never a client.
2026-12-21,Mon,16,S,signal,16S,briefs/templates/signal.md,,,,Signal,not_started,,,,,,Pick from sources/signal-watch-list.md on the day. No operating consequence = skipped.
2026-12-22,Tue,16,A,anchor,16A,briefs/2026-12-22-cny-ecommerce-planning.md,output/cny-ecommerce-planning.md,Chinese New Year: what to lock before the country closes,cny ecommerce planning,Anchor + Asset,not_started,,,,,,"Asset: Chinese New Year cut-off calendar (Dated calendar, four workstreams)"
2026-12-23,Wed,16,L,ledger A,16L,briefs/2026-12-23-cost-to-sell-bags-and-luggage-in-china.md,output/cost-to-sell-bags-and-luggage-in-china.md,What it costs to sell bags and luggage in China,,Ledger A,not_started,,,,,,
2026-12-24,Thu,16,R,refresh,16R,briefs/templates/refresh.md,,,,Refresh,not_started,,,,,,Oldest insight by updatedDate first (see RUNBOOK). Year-only change = skipped.
2026-12-28,Mon,17,S,signal,17S,briefs/templates/signal.md,,,,Signal,not_started,,,,,,Pick from sources/signal-watch-list.md on the day. No operating consequence = skipped.
2026-12-29,Tue,17,A,anchor,17A,briefs/2026-12-29-sell-coffee-specialty-food-china.md,output/sell-coffee-specialty-food-china.md,How to sell coffee and specialty food in China,sell coffee specialty food china,Anchor,not_started,,,,,,
2026-12-30,Wed,17,L,ledger A,17L,briefs/2026-12-30-cost-to-sell-garden-and-outdoor-living-products-in-china.md,output/cost-to-sell-garden-and-outdoor-living-products-in-china.md,What it costs to sell garden and outdoor living products in China,,Ledger A,not_started,,,,,,
2026-12-31,Thu,17,T,teardown,17T,briefs/templates/teardown.md,,,,Teardown,not_started,,,,,,Pick a brand that passes all four criteria in sources/teardown-criteria.md. Never a client.
2027-01-04,Mon,18,S,signal,18S,briefs/templates/signal.md,,,,Signal,not_started,,,,,,Pick from sources/signal-watch-list.md on the day. No operating consequence = skipped.
2027-01-05,Tue,18,A,anchor,18A,briefs/2027-01-05-cbec-vs-general-trade-china.md,output/cbec-vs-general-trade-china.md,Cross-border or general trade: the decision that sets your cost base,cbec vs general trade china,Anchor,not_started,,,,,,
2027-01-06,Wed,18,L,ledger A,18L,briefs/2027-01-06-cost-to-sell-toys-and-games-in-china.md,output/cost-to-sell-toys-and-games-in-china.md,What it costs to sell toys and games in China,,Ledger A,not_started,,,,,,
2027-01-07,Thu,18,R,refresh,18R,briefs/templates/refresh.md,,,,Refresh,not_started,,,,,,Oldest insight by updatedDate first (see RUNBOOK). Year-only change = skipped.
2027-01-11,Mon,19,S,signal,19S,briefs/templates/signal.md,,,,Signal,not_started,,,,,,Pick from sources/signal-watch-list.md on the day. No operating consequence = skipped.
2027-01-12,Tue,19,A,anchor,19A,briefs/2027-01-12-douyin-cross-border-store-cost.md,output/douyin-cross-border-store-cost.md,What a Douyin cross-border store costs in year one,douyin cross border store cost,Anchor,not_started,,,,,,
2027-01-13,Wed,19,L,ledger A,19L,briefs/2027-01-13-cost-to-sell-stationery-and-office-products-in-china.md,output/cost-to-sell-stationery-and-office-products-in-china.md,What it costs to sell stationery and office products in China,,Ledger A,not_started,,,,,,
2027-01-14,Thu,19,T,teardown,19T,briefs/templates/teardown.md,,,,Teardown,not_started,,,,,,Pick a brand that passes all four criteria in sources/teardown-criteria.md. Never a client.
2027-01-18,Mon,20,S,signal,20S,briefs/templates/signal.md,,,,Signal,not_started,,,,,,Pick from sources/signal-watch-list.md on the day. No operating consequence = skipped.
2027-01-19,Tue,20,A,anchor,20A,briefs/2027-01-19-tmall-global-store-launch-timeline.md,output/tmall-global-store-launch-timeline.md,Month one on Tmall Global: what actually happens,tmall global store launch timeline,Anchor,not_started,,,,,,
2027-01-20,Wed,20,L,ledger A,20L,briefs/2027-01-20-cost-to-sell-musical-instruments-in-china.md,output/cost-to-sell-musical-instruments-in-china.md,What it costs to sell musical instruments in China,,Ledger A,not_started,,,,,,
2027-01-21,Thu,20,R,refresh,20R,briefs/templates/refresh.md,,,,Refresh,not_started,,,,,,Oldest insight by updatedDate first (see RUNBOOK). Year-only change = skipped.
2027-01-25,Mon,21,S,signal,21S,briefs/templates/signal.md,,,,Signal,not_started,,,,,,Pick from sources/signal-watch-list.md on the day. No operating consequence = skipped.
2027-01-26,Tue,21,A,anchor,21A,briefs/2027-01-26-china-import-labeling-requirements.md,output/china-import-labeling-requirements.md,Labeling and testing: what stops a shipment at Chinese customs,china import labeling requirements,Anchor + Asset,not_started,,,,,,Asset: Category label and test checklist (Per-category checklist)
2027-01-27,Wed,21,L,ledger A,21L,briefs/2027-01-27-cost-to-sell-cleaning-and-household-products-in-china.md,output/cost-to-sell-cleaning-and-household-products-in-china.md,What it costs to sell cleaning and household products in China,,Ledger A,not_started,,,,,,
2027-01-28,Thu,21,T,teardown,21T,briefs/templates/teardown.md,,,,Teardown,not_started,,,,,,Pick a brand that passes all four criteria in sources/teardown-criteria.md. Never a client.
2027-02-01,Mon,22,S,signal,22S,briefs/templates/signal.md,,,,Signal,not_started,,,,,,Pick from sources/signal-watch-list.md on the day. No operating consequence = skipped.
2027-02-02,Tue,22,A,anchor,22A,briefs/2027-02-02-jd-worldwide-fees-cost.md,output/jd-worldwide-fees-cost.md,What a JD Worldwide store costs in year one,jd worldwide fees cost,Anchor,not_started,,,,,,
2027-02-03,Wed,22,L,ledger A,22L,briefs/2027-02-03-cost-to-sell-home-and-kitchen-products-in-china.md,output/cost-to-sell-home-and-kitchen-products-in-china.md,What it costs to sell home and kitchen products in China,,Ledger A,not_started,,,,,,Duplicate title of brief 13L in the master plan. Kill condition: merge or replace the category before drafting.
2027-02-04,Thu,22,R,refresh,22R,briefs/templates/refresh.md,,,,Refresh,not_started,,,,,,Oldest insight by updatedDate first (see RUNBOOK). Year-only change = skipped.
2027-02-08,Mon,23,S,signal,23S,briefs/templates/signal.md,,,,Signal,not_started,,,,,,Pick from sources/signal-watch-list.md on the day. No operating consequence = skipped.
2027-02-09,Tue,23,A,anchor,23A,briefs/2027-02-09-china-marketplace-fees-comparison.md,output/china-marketplace-fees-comparison.md,China platform fee benchmark 2027,china marketplace fees comparison,Anchor + Report,not_started,,,,,,"Report: China platform fee benchmark 2027 (Gated sheet, every platform, every fee line)"
2027-02-10,Wed,23,L,ledger A,23L,briefs/2027-02-10-cost-to-sell-outdoor-and-sports-gear-in-china.md,output/cost-to-sell-outdoor-and-sports-gear-in-china.md,What it costs to sell outdoor and sports gear in China,,Ledger A,not_started,,,,,,
2027-02-11,Thu,23,T,teardown,23T,briefs/templates/teardown.md,,,,Teardown,not_started,,,,,,Pick a brand that passes all four criteria in sources/teardown-criteria.md. Never a client.
2027-02-15,Mon,24,S,signal,24S,briefs/templates/signal.md,,,,Signal,not_started,,,,,,Pick from sources/signal-watch-list.md on the day. No operating consequence = skipped.
2027-02-16,Tue,24,A,anchor,24A,briefs/2027-02-16-sell-pet-products-china.md,output/sell-pet-products-china.md,How to sell pet products in China,sell pet products china,Anchor,not_started,,,,,,
2027-02-17,Wed,24,L,ledger A,24L,briefs/2027-02-17-cost-to-sell-consumer-electronics-in-china.md,output/cost-to-sell-consumer-electronics-in-china.md,What it costs to sell consumer electronics in China,,Ledger A,not_started,,,,,,
2027-02-18,Thu,24,R,refresh,24R,briefs/templates/refresh.md,,,,Refresh,not_started,,,,,,Oldest insight by updatedDate first (see RUNBOOK). Year-only change = skipped.
2027-02-22,Mon,25,S,signal,25S,briefs/templates/signal.md,,,,Signal,not_started,,,,,,Pick from sources/signal-watch-list.md on the day. No operating consequence = skipped.
2027-02-23,Tue,25,A,anchor,25A,briefs/2027-02-23-china-distribution-agreement-terms.md,output/china-distribution-agreement-terms.md,What a China distribution agreement actually contains,china distribution agreement terms,Anchor,not_started,,,,,,
2027-02-24,Wed,25,L,ledger A,25L,briefs/2027-02-24-cost-to-sell-coffee-and-specialty-food-in-china.md,output/cost-to-sell-coffee-and-specialty-food-in-china.md,What it costs to sell coffee and specialty food in China,,Ledger A,not_started,,,,,,
2027-02-25,Thu,25,T,teardown,25T,briefs/templates/teardown.md,,,,Teardown,not_started,,,,,,Pick a brand that passes all four criteria in sources/teardown-criteria.md. Never a client.
2027-03-01,Mon,26,S,signal,26S,briefs/templates/signal.md,,,,Signal,not_started,,,,,,Pick from sources/signal-watch-list.md on the day. No operating consequence = skipped.
2027-03-02,Tue,26,A,anchor,26A,briefs/2027-03-02-tmall-vs-jd-vs-douyin.md,output/tmall-vs-jd-vs-douyin.md,Tmall Global vs JD Worldwide vs Douyin: which store first,tmall vs jd vs douyin,Anchor,not_started,,,,,,
2027-03-03,Wed,26,L,ledger B,26L,briefs/2027-03-03-how-professional-services-and-consulting-reach-clients-in-china.md,output/how-professional-services-and-consulting-reach-clients-in-china.md,How professional services and consulting reach clients in China,,Ledger B,not_started,,,,,,
2027-03-04,Thu,26,R,refresh,26R,briefs/templates/refresh.md,,,,Refresh,not_started,,,,,,Oldest insight by updatedDate first (see RUNBOOK). Year-only change = skipped.
2027-03-08,Mon,27,S,signal,27S,briefs/templates/signal.md,,,,Signal,not_started,,,,,,Pick from sources/signal-watch-list.md on the day. No operating consequence = skipped.
2027-03-09,Tue,27,A,anchor,27A,briefs/2027-03-09-618-festival-preparation.md,output/618-festival-preparation.md,618 2027: the 100-day plan,618 festival preparation,Anchor + Asset,not_started,,,,,,Asset: 618 2027: the 100-day plan (Countdown by workstream)
2027-03-10,Wed,27,L,ledger A,27L,briefs/2027-03-10-cost-to-sell-colour-cosmetics-in-china.md,output/cost-to-sell-colour-cosmetics-in-china.md,What it costs to sell colour cosmetics in China,,Ledger A,not_started,,,,,,
2027-03-11,Thu,27,T,teardown,27T,briefs/templates/teardown.md,,,,Teardown,not_started,,,,,,Pick a brand that passes all four criteria in sources/teardown-criteria.md. Never a client.
2027-03-15,Mon,28,S,signal,28S,briefs/templates/signal.md,,,,Signal,not_started,,,,,,Pick from sources/signal-watch-list.md on the day. No operating consequence = skipped.
2027-03-16,Tue,28,A,anchor,28A,briefs/2027-03-16-wechat-official-account-cost.md,output/wechat-official-account-cost.md,What a WeChat presence costs a foreign brand,wechat official account cost,Anchor,not_started,,,,,,
2027-03-17,Wed,28,L,ledger A,28L,briefs/2027-03-17-cost-to-sell-personal-care-and-body-products-in-china.md,output/cost-to-sell-personal-care-and-body-products-in-china.md,What it costs to sell personal care and body products in China,,Ledger A,not_started,,,,,,
2027-03-18,Thu,28,R,refresh,28R,briefs/templates/refresh.md,,,,Refresh,not_started,,,,,,Oldest insight by updatedDate first (see RUNBOOK). Year-only change = skipped.
2027-03-22,Mon,29,S,signal,29S,briefs/templates/signal.md,,,,Signal,not_started,,,,,,Pick from sources/signal-watch-list.md on the day. No operating consequence = skipped.
2027-03-23,Tue,29,A,anchor,29A,briefs/2027-03-23-sell-supplements-china-cross-border.md,output/sell-supplements-china-cross-border.md,How to sell health supplements in China without a Blue Hat,sell supplements china cross-border,Anchor,not_started,,,,,,
2027-03-24,Wed,29,L,ledger A,29L,briefs/2027-03-24-cost-to-sell-oral-care-in-china.md,output/cost-to-sell-oral-care-in-china.md,What it costs to sell oral care in China,,Ledger A,not_started,,,,,,
2027-03-25,Thu,29,T,teardown,29T,briefs/templates/teardown.md,,,,Teardown,not_started,,,,,,Pick a brand that passes all four criteria in sources/teardown-criteria.md. Never a client.
2027-03-29,Mon,30,S,signal,30S,briefs/templates/signal.md,,,,Signal,not_started,,,,,,Pick from sources/signal-watch-list.md on the day. No operating consequence = skipped.
2027-03-30,Tue,30,A,anchor,30A,briefs/2027-03-30-rednote-marketing-foreign-brands.md,output/rednote-marketing-foreign-brands.md,RedNote for foreign brands: what the platform is actually for,rednote marketing foreign brands,Anchor,not_started,,,,,,
2027-03-31,Wed,30,L,ledger A,30L,briefs/2027-03-31-cost-to-sell-apparel-in-china.md,output/cost-to-sell-apparel-in-china.md,What it costs to sell apparel in China,,Ledger A,not_started,,,,,,
2027-04-01,Thu,30,R,refresh,30R,briefs/templates/refresh.md,,,,Refresh,not_started,,,,,,Oldest insight by updatedDate first (see RUNBOOK). Year-only change = skipped.
2027-04-05,Mon,31,S,signal,31S,briefs/templates/signal.md,,,,Signal,not_started,,,,,,Pick from sources/signal-watch-list.md on the day. No operating consequence = skipped.
2027-04-06,Tue,31,A,anchor,31A,briefs/2027-04-06-pipl-compliance-foreign-brand.md,output/pipl-compliance-foreign-brand.md,PIPL and your China store: what a brand actually has to do,pipl compliance foreign brand,Anchor,not_started,,,,,,
2027-04-07,Wed,31,L,ledger A,31L,briefs/2027-04-07-cost-to-sell-jewellery-in-china.md,output/cost-to-sell-jewellery-in-china.md,What it costs to sell jewellery in China,,Ledger A,not_started,,,,,,
2027-04-08,Thu,31,T,teardown,31T,briefs/templates/teardown.md,,,,Teardown,not_started,,,,,,Pick a brand that passes all four criteria in sources/teardown-criteria.md. Never a client.
2027-04-12,Mon,32,S,signal,32S,briefs/templates/signal.md,,,,Signal,not_started,,,,,,Pick from sources/signal-watch-list.md on the day. No operating consequence = skipped.
2027-04-13,Tue,32,A,anchor,32A,briefs/2027-04-13-sell-wine-spirits-china.md,output/sell-wine-spirits-china.md,How to sell wine and spirits in China,sell wine spirits china,Anchor,not_started,,,,,,
2027-04-14,Wed,32,L,ledger A,32L,briefs/2027-04-14-cost-to-sell-watches-in-china.md,output/cost-to-sell-watches-in-china.md,What it costs to sell watches in China,,Ledger A,not_started,,,,,,
2027-04-15,Thu,32,R,refresh,32R,briefs/templates/refresh.md,,,,Refresh,not_started,,,,,,Oldest insight by updatedDate first (see RUNBOOK). Year-only change = skipped.
2027-04-19,Mon,33,S,signal,33S,briefs/templates/signal.md,,,,Signal,not_started,,,,,,Pick from sources/signal-watch-list.md on the day. No operating consequence = skipped.
2027-04-20,Tue,33,A,anchor,33A,briefs/2027-04-20-china-ecommerce-content-requirements.md,output/china-ecommerce-content-requirements.md,The monthly content load a China store actually needs,china ecommerce content requirements,Anchor + Asset,not_started,,,,,,"Asset: The monthly content spec for a China store (Assets per month per channel, with owners)"
2027-04-21,Wed,33,L,ledger A,33L,briefs/2027-04-21-cost-to-sell-luxury-leather-goods-in-china.md,output/cost-to-sell-luxury-leather-goods-in-china.md,What it costs to sell luxury leather goods in China,,Ledger A,not_started,,,,,,
2027-04-22,Thu,33,T,teardown,33T,briefs/templates/teardown.md,,,,Teardown,not_started,,,,,,Pick a brand that passes all four criteria in sources/teardown-criteria.md. Never a client.
2027-04-26,Mon,34,S,signal,34S,briefs/templates/signal.md,,,,Signal,not_started,,,,,,Pick from sources/signal-watch-list.md on the day. No operating consequence = skipped.
2027-04-27,Tue,34,A,anchor,34A,briefs/2027-04-27-tmall-partner-vs-in-house-team.md,output/tmall-partner-vs-in-house-team.md,"Tmall Partner, in-house or agency: who should run the store",tmall partner vs in house team,Anchor,not_started,,,,,,
2027-04-28,Wed,34,L,ledger A,34L,briefs/2027-04-28-cost-to-sell-medical-devices-and-home-diagnostics-in-china.md,output/cost-to-sell-medical-devices-and-home-diagnostics-in-china.md,What it costs to sell medical devices and home diagnostics in China,,Ledger A,not_started,,,,,,
2027-04-29,Thu,34,R,refresh,34R,briefs/templates/refresh.md,,,,Refresh,not_started,,,,,,Oldest insight by updatedDate first (see RUNBOOK). Year-only change = skipped.
2027-05-03,Mon,35,S,signal,35S,briefs/templates/signal.md,,,,Signal,not_started,,,,,,Pick from sources/signal-watch-list.md on the day. No operating consequence = skipped.
2027-05-04,Tue,35,A,anchor,35A,briefs/2027-05-04-sell-cosmetics-china-foreign-brand.md,output/sell-cosmetics-china-foreign-brand.md,How to sell beauty and skincare in China in 2027,sell cosmetics china foreign brand,Anchor,not_started,,,,,,
2027-05-05,Wed,35,L,ledger A,35L,briefs/2027-05-05-cost-to-sell-fragrance-in-china.md,output/cost-to-sell-fragrance-in-china.md,What it costs to sell fragrance in China,,Ledger A,not_started,,,,,,
2027-05-06,Thu,35,T,teardown,35T,briefs/templates/teardown.md,,,,Teardown,not_started,,,,,,Pick a brand that passes all four criteria in sources/teardown-criteria.md. Never a client.
2027-05-10,Mon,36,S,signal,36S,briefs/templates/signal.md,,,,Signal,not_started,,,,,,Pick from sources/signal-watch-list.md on the day. No operating consequence = skipped.
2027-05-11,Tue,36,A,anchor,36A,briefs/2027-05-11-china-market-entry-cost-benchmark.md,output/china-market-entry-cost-benchmark.md,What it costs foreign brands to launch in China: 2027 benchmark,china market entry cost benchmark,Anchor + Report,not_started,,,,,,"Report: What it costs foreign brands to launch in China, 2027 (Gated, aggregated calculator runs)"
2027-05-12,Wed,36,L,ledger A,36L,briefs/2027-05-12-cost-to-sell-sun-care-in-china.md,output/cost-to-sell-sun-care-in-china.md,What it costs to sell sun care in China,,Ledger A,not_started,,,,,,
2027-05-13,Thu,36,R,refresh,36R,briefs/templates/refresh.md,,,,Refresh,not_started,,,,,,Oldest insight by updatedDate first (see RUNBOOK). Year-only change = skipped.
2027-05-17,Mon,37,S,signal,37S,briefs/templates/signal.md,,,,Signal,not_started,,,,,,Pick from sources/signal-watch-list.md on the day. No operating consequence = skipped.
2027-05-18,Tue,37,A,anchor,37A,briefs/2027-05-18-618-last-minute-strategy.md,output/618-last-minute-strategy.md,618: the last three weeks,618 last minute strategy,Anchor,not_started,,,,,,
2027-05-19,Wed,37,L,ledger A,37L,briefs/2027-05-19-cost-to-sell-hair-care-in-china.md,output/cost-to-sell-hair-care-in-china.md,What it costs to sell hair care in China,,Ledger A,not_started,,,,,,
2027-05-20,Thu,37,T,teardown,37T,briefs/templates/teardown.md,,,,Teardown,not_started,,,,,,Pick a brand that passes all four criteria in sources/teardown-criteria.md. Never a client.
2027-05-24,Mon,38,S,signal,38S,briefs/templates/signal.md,,,,Signal,not_started,,,,,,Pick from sources/signal-watch-list.md on the day. No operating consequence = skipped.
2027-05-25,Tue,38,A,anchor,38A,briefs/2027-05-25-questions-to-ask-china-distributor.md,output/questions-to-ask-china-distributor.md,Twelve questions to ask before signing a China distributor,questions to ask china distributor,Anchor + Asset,not_started,,,,,,"Asset: Twelve questions to ask a China distributor (Question, good answer, red flag)"
2027-05-26,Wed,38,L,ledger A,38L,briefs/2027-05-26-cost-to-sell-pet-food-in-china.md,output/cost-to-sell-pet-food-in-china.md,What it costs to sell pet food in China,,Ledger A,not_started,,,,,,
2027-05-27,Thu,38,R,refresh,38R,briefs/templates/refresh.md,,,,Refresh,not_started,,,,,,Oldest insight by updatedDate first (see RUNBOOK). Year-only change = skipped.
2027-05-31,Mon,39,S,signal,39S,briefs/templates/signal.md,,,,Signal,not_started,,,,,,Pick from sources/signal-watch-list.md on the day. No operating consequence = skipped.
2027-06-01,Tue,39,A,anchor,39A,briefs/2027-06-01-tmall-global-vs-tmall-classic.md,output/tmall-global-vs-tmall-classic.md,Tmall Global or Tmall Classic: when to move onshore,tmall global vs tmall classic,Anchor,not_started,,,,,,
2027-06-02,Wed,39,L,ledger A,39L,briefs/2027-06-02-cost-to-sell-pet-accessories-and-hardware-in-china.md,output/cost-to-sell-pet-accessories-and-hardware-in-china.md,What it costs to sell pet accessories and hardware in China,,Ledger A,not_started,,,,,,
2027-06-03,Thu,39,T,teardown,39T,briefs/templates/teardown.md,,,,Teardown,not_started,,,,,,Pick a brand that passes all four criteria in sources/teardown-criteria.md. Never a client.
2027-06-07,Mon,40,S,signal,40S,briefs/templates/signal.md,,,,Signal,not_started,,,,,,Pick from sources/signal-watch-list.md on the day. No operating consequence = skipped.
2027-06-08,Tue,40,A,anchor,40A,briefs/2027-06-08-618-how-it-works-brands.md,output/618-how-it-works-brands.md,Running 618: an operator's log,618 how it works brands,Anchor,not_started,,,,,,
2027-06-09,Wed,40,L,ledger A,40L,briefs/2027-06-09-cost-to-sell-health-supplements-in-china.md,output/cost-to-sell-health-supplements-in-china.md,What it costs to sell health supplements in China,,Ledger A,not_started,,,,,,
2027-06-10,Thu,40,R,refresh,40R,briefs/templates/refresh.md,,,,Refresh,not_started,,,,,,Oldest insight by updatedDate first (see RUNBOOK). Year-only change = skipped.
2027-06-14,Mon,41,S,signal,41S,briefs/templates/signal.md,,,,Signal,not_started,,,,,,Pick from sources/signal-watch-list.md on the day. No operating consequence = skipped.
2027-06-15,Tue,41,A,anchor,41A,briefs/2027-06-15-sell-baby-products-china.md,output/sell-baby-products-china.md,How to sell maternity and baby products in China,sell baby products china,Anchor,not_started,,,,,,
2027-06-16,Wed,41,L,ledger A,41L,briefs/2027-06-16-cost-to-sell-sports-nutrition-in-china.md,output/cost-to-sell-sports-nutrition-in-china.md,What it costs to sell sports nutrition in China,,Ledger A,not_started,,,,,,
2027-06-17,Thu,41,T,teardown,41T,briefs/templates/teardown.md,,,,Teardown,not_started,,,,,,Pick a brand that passes all four criteria in sources/teardown-criteria.md. Never a client.
2027-06-21,Mon,42,S,signal,42S,briefs/templates/signal.md,,,,Signal,not_started,,,,,,Pick from sources/signal-watch-list.md on the day. No operating consequence = skipped.
2027-06-22,Tue,42,A,anchor,42A,briefs/2027-06-22-618-2027-results-brands.md,output/618-2027-results-brands.md,618 2027 from inside the stores we run,618 2027 results brands,Anchor + Report,not_started,,,,,,"Report: 618 2027 from inside the stores we run (Gated, store-level read by category)"
2027-06-23,Wed,42,L,ledger A,42L,briefs/2027-06-23-cost-to-sell-wine-in-china.md,output/cost-to-sell-wine-in-china.md,What it costs to sell wine in China,,Ledger A,not_started,,,,,,
2027-06-24,Thu,42,R,refresh,42R,briefs/templates/refresh.md,,,,Refresh,not_started,,,,,,Oldest insight by updatedDate first (see RUNBOOK). Year-only change = skipped.
2027-06-28,Mon,43,S,signal,43S,briefs/templates/signal.md,,,,Signal,not_started,,,,,,Pick from sources/signal-watch-list.md on the day. No operating consequence = skipped.
2027-06-29,Tue,43,A,anchor,43A,briefs/2027-06-29-luxury-brand-china-strategy.md,output/luxury-brand-china-strategy.md,How to sell luxury and premium goods in China now,luxury brand china strategy,Anchor,not_started,,,,,,
2027-06-30,Wed,43,L,ledger A,43L,briefs/2027-06-30-cost-to-sell-spirits-in-china.md,output/cost-to-sell-spirits-in-china.md,What it costs to sell spirits in China,,Ledger A,not_started,,,,,,
2027-07-01,Thu,43,T,teardown,43T,briefs/templates/teardown.md,,,,Teardown,not_started,,,,,,Pick a brand that passes all four criteria in sources/teardown-criteria.md. Never a client.
2027-07-05,Mon,44,S,signal,44S,briefs/templates/signal.md,,,,Signal,not_started,,,,,,Pick from sources/signal-watch-list.md on the day. No operating consequence = skipped.
2027-07-06,Tue,44,A,anchor,44A,briefs/2027-07-06-b2b-marketing-china-industrial.md,output/b2b-marketing-china-industrial.md,How to sell B2B and industrial products in China,b2b marketing china industrial,Anchor,not_started,,,,,,
2027-07-07,Wed,44,L,ledger A,44L,briefs/2027-07-07-cost-to-sell-beer-and-ready-to-drink-in-china.md,output/cost-to-sell-beer-and-ready-to-drink-in-china.md,What it costs to sell beer and ready-to-drink in China,,Ledger A,not_started,,,,,,
2027-07-08,Thu,44,R,refresh,44R,briefs/templates/refresh.md,,,,Refresh,not_started,,,,,,Oldest insight by updatedDate first (see RUNBOOK). Year-only change = skipped.
2027-07-12,Mon,45,S,signal,45S,briefs/templates/signal.md,,,,Signal,not_started,,,,,,Pick from sources/signal-watch-list.md on the day. No operating consequence = skipped.
2027-07-13,Tue,45,A,anchor,45A,briefs/2027-07-13-china-market-entry-cost.md,output/china-market-entry-cost.md,What China market entry costs before you take a single order,china market entry cost,Anchor,not_started,,,,,,
2027-07-14,Wed,45,L,ledger A,45L,briefs/2027-07-14-cost-to-sell-tea-and-beverages-in-china.md,output/cost-to-sell-tea-and-beverages-in-china.md,What it costs to sell tea and beverages in China,,Ledger A,not_started,,,,,,
2027-07-15,Thu,45,T,teardown,45T,briefs/templates/teardown.md,,,,Teardown,not_started,,,,,,Pick a brand that passes all four criteria in sources/teardown-criteria.md. Never a client.
2027-07-19,Mon,46,S,signal,46S,briefs/templates/signal.md,,,,Signal,not_started,,,,,,Pick from sources/signal-watch-list.md on the day. No operating consequence = skipped.
2027-07-20,Tue,46,A,anchor,46A,briefs/2027-07-20-china-trademark-registration-brand.md,output/china-trademark-registration-brand.md,Trademark first: the China IP sequence nobody follows,china trademark registration brand,Anchor,not_started,,,,,,
2027-07-21,Wed,46,L,ledger A,46L,briefs/2027-07-21-cost-to-sell-auto-parts-and-accessories-in-china.md,output/cost-to-sell-auto-parts-and-accessories-in-china.md,What it costs to sell auto parts and accessories in China,,Ledger A,not_started,,,,,,
2027-07-22,Thu,46,R,refresh,46R,briefs/templates/refresh.md,,,,Refresh,not_started,,,,,,Oldest insight by updatedDate first (see RUNBOOK). Year-only change = skipped.
2027-07-26,Mon,47,S,signal,47S,briefs/templates/signal.md,,,,Signal,not_started,,,,,,Pick from sources/signal-watch-list.md on the day. No operating consequence = skipped.
2027-07-27,Tue,47,A,anchor,47A,briefs/2027-07-27-china-launch-timeline-brands.md,output/china-launch-timeline-brands.md,The twelve-month China launch timeline,china launch timeline brands,Anchor + Asset,not_started,,,,,,"Asset: The twelve-month China launch timeline (Gantt, with dependencies)"
2027-07-28,Wed,47,L,ledger A,47L,briefs/2027-07-28-cost-to-sell-bath-and-sanitaryware-in-china.md,output/cost-to-sell-bath-and-sanitaryware-in-china.md,What it costs to sell bath and sanitaryware in China,,Ledger A,not_started,,,,,,
2027-07-29,Thu,47,T,teardown,47T,briefs/templates/teardown.md,,,,Teardown,not_started,,,,,,Pick a brand that passes all four criteria in sources/teardown-criteria.md. Never a client.
2027-08-02,Mon,48,S,signal,48S,briefs/templates/signal.md,,,,Signal,not_started,,,,,,Pick from sources/signal-watch-list.md on the day. No operating consequence = skipped.
2027-08-03,Tue,48,A,anchor,48A,briefs/2027-08-03-xiaohongshu-trends-2027-brands.md,output/xiaohongshu-trends-2027-brands.md,The RedNote year: what changed and what it does to budgets,xiaohongshu trends 2027 brands,Anchor,not_started,,,,,,
2027-08-04,Wed,48,L,ledger B,48L,briefs/2027-08-04-cost-to-sell-education-and-training-services-in-china.md,output/cost-to-sell-education-and-training-services-in-china.md,What it costs to sell education and training services in China,,Ledger B,not_started,,,,,,
2027-08-05,Thu,48,R,refresh,48R,briefs/templates/refresh.md,,,,Refresh,not_started,,,,,,Oldest insight by updatedDate first (see RUNBOOK). Year-only change = skipped.
2027-08-09,Mon,49,S,signal,49S,briefs/templates/signal.md,,,,Signal,not_started,,,,,,Pick from sources/signal-watch-list.md on the day. No operating consequence = skipped.
2027-08-10,Tue,49,A,anchor,49A,briefs/2027-08-10-sell-electronics-appliances-china.md,output/sell-electronics-appliances-china.md,How to sell consumer electronics and small appliances in China,sell electronics appliances china,Anchor,not_started,,,,,,
2027-08-11,Wed,49,L,ledger A,49L,briefs/2027-08-11-cost-to-sell-maternity-products-in-china.md,output/cost-to-sell-maternity-products-in-china.md,What it costs to sell maternity products in China,,Ledger A,not_started,,,,,,
2027-08-12,Thu,49,T,teardown,49T,briefs/templates/teardown.md,,,,Teardown,not_started,,,,,,Pick a brand that passes all four criteria in sources/teardown-criteria.md. Never a client.
2027-08-16,Mon,50,S,signal,50S,briefs/templates/signal.md,,,,Signal,not_started,,,,,,Pick from sources/signal-watch-list.md on the day. No operating consequence = skipped.
2027-08-17,Tue,50,A,anchor,50A,briefs/2027-08-17-china-platform-fees-2027.md,output/china-platform-fees-2027.md,"China marketplace fee benchmark, mid-year",china platform fees 2027,Anchor,not_started,,,,,,
2027-08-18,Wed,50,L,ledger A,50L,briefs/2027-08-18-cost-to-sell-infant-formula-in-china.md,output/cost-to-sell-infant-formula-in-china.md,What it costs to sell infant formula in China,,Ledger A,not_started,,,,,,
2027-08-19,Thu,50,R,refresh,50R,briefs/templates/refresh.md,,,,Refresh,not_started,,,,,,Oldest insight by updatedDate first (see RUNBOOK). Year-only change = skipped.
2027-08-23,Mon,51,S,signal,51S,briefs/templates/signal.md,,,,Signal,not_started,,,,,,Pick from sources/signal-watch-list.md on the day. No operating consequence = skipped.
2027-08-24,Tue,51,A,anchor,51A,briefs/2027-08-24-double-11-2027-preparation.md,output/double-11-2027-preparation.md,Double 11 2027: the 80-day plan,double 11 2027 preparation,Anchor,not_started,,,,,,
2027-08-25,Wed,51,L,ledger A,51L,briefs/2027-08-25-cost-to-sell-baby-care-and-hygiene-products-in-china.md,output/cost-to-sell-baby-care-and-hygiene-products-in-china.md,What it costs to sell baby care and hygiene products in China,,Ledger A,not_started,,,,,,
2027-08-26,Thu,51,T,teardown,51T,briefs/templates/teardown.md,,,,Teardown,not_started,,,,,,Pick a brand that passes all four criteria in sources/teardown-criteria.md. Never a client.
2027-08-30,Mon,52,S,signal,52S,briefs/templates/signal.md,,,,Signal,not_started,,,,,,Pick from sources/signal-watch-list.md on the day. No operating consequence = skipped.
2027-08-31,Tue,52,A,anchor,52A,briefs/2027-08-31-how-to-enter-china-market-brands.md,output/how-to-enter-china-market-brands.md,"The year-one China channel decision, revisited",how to enter china market brands,Anchor,not_started,,,,,,
2027-09-01,Wed,52,L,ledger B,52L,briefs/2027-09-01-cost-to-sell-industrial-equipment-and-components-in-china.md,output/cost-to-sell-industrial-equipment-and-components-in-china.md,What it costs to sell industrial equipment and components in China,,Ledger B,not_started,,,,,,
2027-09-02,Thu,52,R,refresh,52R,briefs/templates/refresh.md,,,,Refresh,not_started,,,,,,Oldest insight by updatedDate first (see RUNBOOK). Year-only change = skipped.
